time,latitude,longitude,depth,mag,magType,nst,gap,dmin,rms,net,id,updated,place,type,horizontalError,depthError,magError,magNst,status,locationSource,magSource
2017-03-25T20:38:44.890Z,36.6766,-97.7596,1.2,4,mb_lg,,39,0.192,0.09,us,us20008una,2017-03-26T21:03:06.770Z,"14km S of Medford, Oklahoma",earthquake,1.5,6.8,0.046,125,reviewed,us,us
2016-11-25T15:19:35.700Z,36.8434,-97.7522,7.893,4,mb,,33,,0.48,us,us10007cas,2017-02-23T00:11:47.040Z,"4km NNW of Medford, Oklahoma",earthquake,1.3,6.7,0.232,5,reviewed,tul,us
2016-11-07T07:33:59.600Z,36.4564,-98.7622,7.944,4.1,mb,,47,,0.86,us,us1000760q,2017-02-02T02:21:02.040Z,"32km NW of Fairview, Oklahoma",earthquake,1.8,6.6,0.185,8,reviewed,tul,us
2016-11-07T01:44:24.500Z,35.9907,-96.803,4.43,5,mww,,52,,0.25,us,us100075y8,2017-02-02T02:21:02.040Z,"3km W of Cushing, Oklahoma",earthquake,0.5,1.8,,,reviewed,tul,us
2016-11-02T04:26:54.000Z,36.3047,-96.6657,4.349,4.4,mwr,,61,,1.15,us,us100073m6,2017-01-24T02:02:14.040Z,"12km ESE of Pawnee, Oklahoma",earthquake,2.3,5.3,0.034,85,reviewed,tul,us
2016-10-21T20:26:00.500Z,36.4493,-98.7758,7.081,4,mwr,,69,,0.24,us,us20007g02,2017-01-20T00:31:00.040Z,"33km NW of Fairview, Oklahoma",earthquake,1.4,4.3,0.051,37,reviewed,tul,us
2016-09-03T12:02:44.400Z,36.4251,-96.9291,5.557,5.8,mww,,69,,0.7,us,us10006jxs,2017-02-27T22:35:12.641Z,"14km NW of Pawnee, Oklahoma",earthquake,1.2,6.1,,,reviewed,tul,us
2016-08-17T13:34:28.700Z,35.6775,-97.0794,6.055,4,mwr,,42,,0.29,us,us10006eew,2016-11-15T02:21:52.040Z,"10km E of Luther, Oklahoma",earthquake,3.5,6.8,0.038,67,reviewed,tul,us
2016-07-17T04:17:58.900Z,36.2841,-97.5138,4.787,4.2,mwr,,73,,0.39,us,us20006fas,2016-09-17T01:27:48.040Z,"20km W of Perry, Oklahoma",earthquake,1.2,7.3,0.043,52,reviewed,tul,us
2016-07-09T02:04:27.400Z,36.4638,-98.7584,7.242,4.4,mwr,,53,,0.47,us,us10006249,2016-09-08T01:50:24.040Z,"33km NW of Fairview, Oklahoma",earthquake,3.3,5.7,0.033,88,reviewed,tul,us
2016-07-08T22:29:38.000Z,36.4749,-98.7459,6.356,4.2,mwr,,53,,0.58,us,us1000621p,2016-09-08T01:50:23.040Z,"33km NW of Fairview, Oklahoma",earthquake,2.3,4.6,0.036,76,reviewed,tul,us
2016-07-08T21:31:57.600Z,36.4765,-98.7387,7.315,4.2,mwr,,46,,0.56,us,us10006215,2016-09-08T01:50:23.040Z,"32km NW of Fairview, Oklahoma",earthquake,1.7,2.8,0.043,52,reviewed,tul,us
2016-04-07T22:27:30.400Z,35.6619,-97.1741,6.106,4.2,ml,,37,,0.61,us,us20005g8q,2016-06-17T21:45:58.040Z,"1km E of Luther, Oklahoma",earthquake,4.1,5.5,,,reviewed,tul,tul
2016-03-29T04:53:01.200Z,35.99,-97.5773,5.183,4.2,mwr,,70,,0.53,us,us20005d3n,2016-09-07T13:24:32.969Z,"4km NNE of Crescent, Oklahoma",earthquake,1,6.6,0.031,102,reviewed,tul,us
2016-02-13T17:17:39.100Z,36.4812,-98.7392,5,4,ml,,116,,0.91,us,us20004zyf,2016-04-26T23:28:19.040Z,"33km NW of Fairview, Oklahoma",earthquake,3.2,5.9,,,reviewed,tul,tul
2016-02-13T17:07:06.290Z,36.4898,-98.709,8.31,5.1,mww,,17,0.218,1.09,us,us20004zy8,2016-11-10T22:12:17.393Z,"31km NW of Fairview, Oklahoma",earthquake,1.8,3.7,,,reviewed,us,us
2016-01-18T12:55:56.900Z,36.2761,-98.4096,8.309,4.1,ml,,91,,0.57,us,us10004fbz,2016-04-06T17:30:25.040Z,"6km E of Fairview, Oklahoma",earthquake,2,6.7,,,reviewed,tul,tul
2016-01-07T08:37:11.100Z,36.4754,-98.7342,6.647,4.4,mwr,,95,,0.6,us,us10004c1m,2016-03-28T22:09:44.040Z,"32km NW of Fairview, Oklahoma",earthquake,4.4,6.3,,25,reviewed,tul,slm
2016-01-07T04:27:57.600Z,36.4955,-98.7254,4.058,4.7,mww,,118,,0.99,us,us10004bz5,2016-11-10T22:07:20.189Z,"33km NW of Fairview, Oklahoma",earthquake,4.1,3.5,,,reviewed,tul,us
2016-01-07T04:27:27.900Z,36.486,-98.7412,7.093,4.4,mwr,,117,,0.68,us,us10004bz1,2016-11-07T02:15:35.927Z,"33km NW of Fairview, Oklahoma",earthquake,3.4,6.3,,25,reviewed,tul,slm
2016-01-06T06:19:25.300Z,36.4885,-98.7319,9.409,4,ml,,117,,1.08,us,us10004bpl,2016-03-28T22:09:40.040Z,"33km NW of Fairview, Oklahoma",earthquake,3.8,6.6,,,reviewed,tul,tul
2016-01-01T11:39:39.800Z,35.6688,-97.4065,5.825,4.2,mwr,,49,,0.81,us,us10004aqg,2016-12-18T06:11:07.684Z,"6km ENE of Edmond, Oklahoma",earthquake,1.8,4.6,0.03,104,reviewed,tul,us
2015-12-29T11:39:19.200Z,35.6654,-97.4054,6.532,4.3,mwr,,53,,0.78,us,us10004a85,2016-11-02T04:51:52.798Z,"6km ENE of Edmond, Oklahoma",earthquake,3.6,5,0.033,88,reviewed,tul,us
2015-12-06T01:01:41.900Z,36.4703,-98.7606,6.126,4,mwr,,97,,0.64,us,us100044cf,2016-03-02T03:36:33.040Z,"33km NW of Fairview, Oklahoma",earthquake,2.9,5.7,0.04,59,reviewed,tul,us
2015-11-30T09:49:12.800Z,36.7509,-98.0561,5.629,4.7,mwr,,176,,0.66,us,us1000424d,2017-02-03T21:28:16.465Z,"26km E of Cherokee, Oklahoma",earthquake,3,4.9,0.022,190,reviewed,tul,us
2015-11-25T00:43:50.800Z,36.8393,-98.2691,4.864,4.1,mb,,98,,0.54,us,us1000413f,2017-02-03T20:39:40.939Z,"12km NE of Cherokee, Oklahoma",earthquake,3.1,4.8,0.261,4,reviewed,tul,us
2015-11-23T21:17:46.500Z,36.8382,-98.2762,5.028,4.4,mwr,,98,,0.67,us,us100040je,2017-02-03T21:11:56.807Z,"11km NE of Cherokee, Oklahoma",earthquake,2.3,3.7,0.04,60,reviewed,tul,us
2015-11-20T22:40:40.300Z,36.9483,-97.8276,5,4.1,mwr,,35,,0.34,us,us10003zyc,2017-02-03T20:35:48.052Z,"17km NNW of Medford, Oklahoma",earthquake,1.2,3.3,0.036,73,reviewed,tul,us
2015-11-19T07:42:12.000Z,36.6602,-98.4594,5.914,4.7,mwr,,116,,0.66,us,us10003zgz,2017-02-09T18:59:52.025Z,"13km SW of Cherokee, Oklahoma",earthquake,3,4.2,0.04,59,reviewed,tul,us
2015-11-15T09:45:31.300Z,36.4696,-98.7549,5.109,4.3,mwr,,115,,0.8,us,us10003yhc,2016-02-13T02:08:23.040Z,"33km NW of Fairview, Oklahoma",earthquake,2.8,5.5,0.042,55,reviewed,tul,us
2015-11-07T11:11:53.900Z,36.9528,-97.8552,5,4.1,mwr,,39,,0.81,us,us10003vin,2017-02-03T20:31:54.932Z,"19km NNW of Medford, Oklahoma",earthquake,3.9,1.9,0.041,56,reviewed,tul,us
2015-10-10T22:03:05.300Z,35.986,-96.8032,3.274,4.3,mwr,,54,,0.6,us,us10003mqq,2016-05-31T23:15:13.353Z,"3km W of Cushing, Oklahoma",earthquake,2.5,5.2,0.039,62,reviewed,tul,us
2015-10-10T09:20:43.000Z,36.7187,-97.9311,5.629,4.4,mwr,,58,,0.84,us,us10003mnu,2016-11-07T02:15:18.559Z,"20km WSW of Medford, Oklahoma",earthquake,3.2,4.1,0.031,103,reviewed,tul,us
2015-09-25T01:16:37.700Z,35.987,-96.7872,2.893,4,mwr,,76,,0.73,us,us20003nwb,2016-05-31T23:39:40.540Z,"1km W of Cushing, Oklahoma",earthquake,1.9,4.8,0.037,72,reviewed,tul,us
2015-09-18T12:35:16.600Z,35.9931,-96.7997,0.208,4.1,mwr,,54,,0.82,us,us20003l6t,2016-05-31T23:35:55.090Z,"3km WNW of Cushing, Oklahoma",earthquake,2.5,6,0.034,82,reviewed,tul,us
2015-08-14T21:25:40.600Z,36.8311,-97.8011,0.091,4.1,mwr,,43,,1.01,us,us100032ei,2017-02-03T20:23:12.719Z,"6km WNW of Medford, Oklahoma",earthquake,3.8,3.9,0.052,36,reviewed,tul,us
2015-08-05T07:48:02.300Z,36.5979,-97.6921,6.021,4,ml,,65,,0.79,us,us10002y1u,2015-10-30T02:47:49.040Z,"23km S of Medford, Oklahoma",earthquake,3.1,6.6,,,reviewed,tul,tul
2015-07-28T01:18:27.200Z,35.9909,-97.5813,5.253,4.1,mwr,,71,,0.61,us,us200030nt,2015-12-29T12:13:29.050Z,"4km NNE of Crescent, Oklahoma",earthquake,2.9,4.6,0.049,40,reviewed,tul,us
2015-07-27T18:12:15.400Z,35.9889,-97.5717,5,4.5,mwr,,,,0.87,us,us200030gd,2017-02-03T21:16:04.533Z,"4km NNE of Crescent, Oklahoma",earthquake,2,4.3,0.037,69,reviewed,tul,us
2015-07-20T20:19:03.400Z,36.842,-98.2593,4.079,4.4,mwr,,97,,1.43,us,us20002yq7,2017-02-03T21:04:06.087Z,"13km NE of Cherokee, Oklahoma",earthquake,3.8,3.7,0.045,48,reviewed,tul,us
2015-06-20T05:10:54.900Z,35.7392,-97.3865,3,4,mwr,,,,0.64,us,us10002kf3,2017-02-03T19:49:02.056Z,"12km NE of Edmond, Oklahoma",earthquake,3.2,5.3,0.063,24,reviewed,tul,us
2015-06-17T19:17:08.700Z,36.285,-97.523,6.008,4.3,mwr,,69,,0.24,us,us10002jrl,2015-08-20T00:44:02.040Z,"21km W of Perry, Oklahoma",earthquake,0.7,7.9,0.037,71,reviewed,tul,us
2015-06-14T18:17:09.000Z,36.286,-97.5217,6.278,4,mwr,,52,,0.85,us,us20002prt,2015-08-20T00:43:57.040Z,"20km W of Perry, Oklahoma",earthquake,2.5,6.1,0.04,59,reviewed,tul,us
2015-04-27T22:22:17.900Z,35.918,-97.3256,5.279,4.1,mwr,,,,1.22,us,us200029pp,2017-02-03T20:11:21.060Z,"7km WSW of Langston, Oklahoma",earthquake,5,5.6,0.037,71,reviewed,tul,us
2015-04-19T05:27:14.800Z,35.953,-97.3318,3.16,4.2,mwr,,19,0.185,0.61,us,us200027lp,2017-02-03T20:47:54.743Z,"6km W of Langston, Oklahoma",earthquake,2.7,5.5,0.039,63,reviewed,us,us
2015-04-08T20:52:00.500Z,35.8192,-97.4191,2.487,4,mwr,,62,,0.96,us,us2000255v,2016-05-31T23:24:37.128Z,"6km S of Guthrie, Oklahoma",earthquake,4.3,5.9,0.043,51,reviewed,tul,us
2015-04-04T13:21:17.000Z,36.1176,-97.5717,5.047,4.1,mwr,,,,0.76,us,us10001txk,2015-06-16T01:00:26.040Z,"18km N of Crescent, Oklahoma",earthquake,3.3,5.2,0.044,50,reviewed,tul,us
2015-03-24T19:48:28.900Z,36.7776,-98.0301,6.513,4,ml,,62,,0.81,us,us10001qdg,2017-02-03T19:31:12.518Z,"26km W of Medford, Oklahoma",earthquake,2,6,,,reviewed,tul,tul
2015-02-05T15:08:40.800Z,36.8147,-98.2915,4.381,4.2,mwr,,115,,1.94,us,usc000tmeb,2015-05-04T22:47:41.040Z,"8km NE of Cherokee, Oklahoma",earthquake,2.8,4.1,0.035,80,reviewed,tul,us
2015-01-27T15:58:40.100Z,36.6288,-97.7124,5,4,mwr,,71,,0.78,us,usb000tilr,2016-01-22T03:09:35.697Z,"19km S of Medford, Oklahoma",earthquake,2.1,5.9,0.043,52,reviewed,tul,us
2015-01-27T11:31:09.800Z,36.2618,-97.2643,3.408,4.2,mwr,,55,,0.95,us,usb000tike,2016-01-22T03:07:21.094Z,"3km SE of Perry, Oklahoma",earthquake,1.7,6,0.027,131,reviewed,tul,us
2015-01-26T19:30:44.700Z,36.8479,-97.7016,6.863,4.2,ml,,51,,0.67,us,usc000tj7a,2016-01-22T03:48:22.346Z,"5km NNE of Medford, Oklahoma",earthquake,3.3,6.2,,,reviewed,tul,tul
2014-12-14T21:18:20.500Z,36.3187,-96.7553,4.679,4,mwr,,99,,0.47,us,usc000t6mn,2017-02-03T19:57:41.822Z,"4km ESE of Pawnee, Oklahoma",earthquake,2,5.7,0.04,61,reviewed,tul,us
2014-11-30T10:24:44.400Z,36.6028,-97.6068,5.684,4,mwr,,62,,0.8,us,usb000t1de,2015-02-24T00:35:13.040Z,"25km SSE of Medford, Oklahoma",earthquake,2.8,6.6,0.045,48,reviewed,tul,us
2014-10-10T13:51:21.000Z,35.9466,-96.7594,5,4.2,mwr,,63,,0.45,us,usb000skq4,2017-02-03T20:51:55.973Z,"4km S of Cushing, Oklahoma",earthquake,3.4,6.8,0.037,72,reviewed,tul,us
2014-10-07T16:51:13.100Z,35.9474,-96.7642,5.28,4,mwr,,81,,0.61,us,usb000sjk0,2017-02-03T19:53:42.408Z,"4km S of Cushing, Oklahoma",earthquake,3.9,5.8,0.033,90,reviewed,tul,us
2014-09-30T03:01:25.900Z,36.2237,-97.5535,2.2,4,mwr,,,,0.46,us,usb000sh86,2015-01-28T13:13:01.821Z,"24km WSW of Perry, Oklahoma",earthquake,0.8,5.9,0.036,75,reviewed,tul,us
2014-08-19T12:41:35.700Z,35.7727,-97.4677,4.51,4.4,mwr,,104,,1.73,us,usb000s45z,2017-02-03T21:08:04.906Z,"12km SSW of Guthrie, Oklahoma",earthquake,,4.4,0.041,56,reviewed,tul,us
2014-07-29T02:46:36.000Z,36.7561,-98.0453,5.287,4.3,mwr,,,,0.68,us,usb000ry6y,2017-02-03T20:55:56.931Z,"27km E of Cherokee, Oklahoma",earthquake,,3.4,0.038,68,reviewed,tul,us
2014-07-12T17:11:46.700Z,35.8637,-97.321,4.047,4,mwr,,53,,1.11,us,usb000rsdy,2015-01-28T13:19:12.322Z,"9km E of Guthrie, Oklahoma",earthquake,,5.5,0.043,53,reviewed,tul,us
2014-06-18T10:53:02.400Z,35.5956,-97.3924,5,4.1,mwr,,,,1.02,us,usc000rhab,2017-02-03T20:19:18.318Z,"8km N of Spencer, Oklahoma",earthquake,,1.9,0.038,68,reviewed,tul,us
2014-06-16T10:47:35.600Z,35.5935,-97.3969,5,4.3,mwr,,50,,1.08,us,usc000rg12,2015-07-27T20:21:33.381Z,"8km NNW of Spencer, Oklahoma",earthquake,,4.7,0.05,38,reviewed,tul,us
2014-04-10T07:33:57.100Z,35.7745,-97.4826,7.04,4,mwr,,70,,1.18,us,usc000pdy4,2017-02-03T19:42:23.540Z,"12km SSW of Guthrie, Oklahoma",earthquake,,3.1,0.044,49,reviewed,tul,us
2014-04-07T16:03:03.900Z,35.8913,-97.2752,5.131,4.2,mwr,,53,,1.03,us,usc000p92s,2017-02-03T20:43:41.519Z,"6km SSW of Langston, Oklahoma",earthquake,,4.8,0.046,45,reviewed,tul,us
2014-03-30T14:09:59.400Z,36.1255,-97.6398,3.903,4.1,mwr,,69,,1.01,us,usc000nww4,2015-01-28T14:30:05.872Z,"19km NNW of Crescent, Oklahoma",earthquake,,5.2,0.041,56,reviewed,tul,us
2014-03-30T06:51:56.300Z,36.1309,-97.6291,4.831,4.2,mwr,,69,,0.37,us,usc000nwmq,2015-01-28T07:28:40.000Z,"20km N of Crescent, Oklahoma",earthquake,,5.9,0.065,23,reviewed,tul,us
2014-02-09T02:16:02.000Z,35.893,-97.292,5,4.1,mwr,,,,0.88,us,usc000mlar,2017-02-03T20:02:18.330Z,"6km SSW of Langston, Oklahoma",earthquake,,1.9,0.044,50,reviewed,tul,us
2013-12-07T18:10:24.590Z,35.6073,-97.3863,8.44,4.5,mwr,,,,1.63,us,usb000ldeh,2017-02-03T21:20:04.637Z,"9km ESE of Edmond, Oklahoma",earthquake,,3.9,0.039,,reviewed,tul,us
2013-04-16T10:16:53.000Z,35.681,-97.098,7,4.2,mwr,160,26.1,,,us,usb000g7we,2016-01-22T03:16:48.986Z,"8km ENE of Luther, Oklahoma",earthquake,,,,,reviewed,tul,us
2013-04-16T06:56:29.700Z,35.686,-97.089,6.2,4.4,mwr,108,26.7,,,us,usb000g7s8,2016-09-07T07:11:24.780Z,"12km ENE of Luther, Oklahoma",earthquake,,,,,reviewed,tul,us
2012-04-03T07:34:00.000Z,34.635,-95.875,5,4.1,mb,91,43.3,,,us,usp000jh6b,2015-03-24T01:38:40.860Z,"Oklahoma",earthquake,,,,4,reviewed,tul,us
2011-11-08T02:46:57.000Z,35.531,-96.788,5,4.8,mwr,342,19.2,,,us,usp000jajb,2017-03-26T23:54:14.221Z,"Oklahoma",earthquake,,,,,reviewed,tul,us
2011-11-06T04:03:42.000Z,35.521,-96.771,5,4,ml,17,69.2,,,us,usp000jadq,2017-03-22T15:43:57.487Z,"Oklahoma",earthquake,,,,,reviewed,tul,tul
2011-11-06T03:53:10.000Z,35.532,-96.765,5.2,5.7,mww,474,17.1,,,us,usp000jadn,2017-03-16T23:03:34.151Z,"Oklahoma",earthquake,,,,,reviewed,tul,us
2011-11-05T07:12:45.000Z,35.55,-96.764,3.1,4.8,mwr,322,17.2,,,us,usp000jac0,2017-03-22T16:37:13.893Z,"Oklahoma",earthquake,,,,,reviewed,tul,us
2010-10-13T14:06:30.000Z,35.192,-97.32,13,4.4,mwc,152,26.9,,,us,usp000hn24,2017-03-21T14:46:10.167Z,"Oklahoma",earthquake,,,,,reviewed,tul,gcmt
2010-02-27T22:22:27.310Z,35.553,-96.752,5,4.1,mwr,79,44.5,,1.01,us,usp000h81j,2015-03-24T01:38:20.661Z,"Oklahoma",earthquake,,4,,,reviewed,us,us
1997-09-06T23:38:00.910Z,34.66,-96.435,5,4.5,mblg,,,,0.24,us,usp000877r,2017-03-21T08:50:22.806Z,"Oklahoma",earthquake,,,,,reviewed,us,tul
1995-09-15T00:31:33.260Z,36.87,-98.69,5,4.1,mblg,,,,,us,usp00073d2,2014-11-07T00:58:44.109Z,"Oklahoma",earthquake,,,,,reviewed,tul,gs$
1995-01-18T15:51:39.420Z,34.774,-97.596,5,4.2,mblg,,,,0.5,us,usp0006rjc,2014-11-07T00:57:09.443Z,"Oklahoma",earthquake,,,,,reviewed,us,tul
1974-02-15T13:33:49.200Z,36.5,-100.693,24,4.5,mb,,,,,us,usp00005ac,2017-03-21T00:03:42.704Z,"Oklahoma",earthquake,,,,,reviewed,us,us
